title,channel,views,url,depth,recommended_from
🔴 LIVE: Predator Battles: Lions vs Leopards vs Hyenas | Savage Kingdom Livestream | Nat Geo Animals,120 watching,,https://www.youtube.com/watch?v=MiQe9ob9aDc,0,initial
🔴 LIVE: Exploring America's National Parks | Earth Month LIVESTREAM | National Geographic,,,https://www.youtube.com/watch?v=wVd836vHl6s,1,🔴 LIVE: Predator Battles: Lions vs Leopards vs Hyenas | Savage Kingdom Livestream | Nat Geo Animals
The Ocean Giants: The Largest Creatures Hidden Beneath the Sea,,,https://www.youtube.com/watch?v=2wCQvdJyvGg,1,🔴 LIVE: Predator Battles: Lions vs Leopards vs Hyenas | Savage Kingdom Livestream | Nat Geo Animals
🔴 LIVE: The Incredible Wildlife of Hidden Forests | BBC Earth,,,https://www.youtube.com/watch?v=1LhlXiSc5NY,2,🔴 LIVE: Exploring America's National Parks | Earth Month LIVESTREAM | National Geographic
4K Video UHD - PARADISE ISLAND - Relaxing Music Along With Beautiful Nature Videos,,,https://www.youtube.com/watch?v=LeJ5ef6oQpI,2,🔴 LIVE: Exploring America's National Parks | Earth Month LIVESTREAM | National Geographic
From Here on InEveret AlmondFrom Here on In,,,https://www.youtube.com/watch?v=-M2lgCtxkiE,2,The Ocean Giants: The Largest Creatures Hidden Beneath the Sea
The Strait of Hormuz | The World’s Most Critical Energy Lifeline,by Top Unreal Journeys,,https://www.youtube.com/watch?v=3aEEllYs9KQ,2,The Ocean Giants: The Largest Creatures Hidden Beneath the Sea
Inside Africa’s Most Dangerous Jungle Where Survival Is Brutal,,,https://www.youtube.com/watch?v=t3ljR4X05lM,3,🔴 LIVE: The Incredible Wildlife of Hidden Forests | BBC Earth
"Relaxing Music to Relieve Stress, Anxiety and Depression • Mind, Body 🐬 Soothing music for nerves",,,https://www.youtube.com/watch?v=wKg71lcs5Nw,3,🔴 LIVE: The Incredible Wildlife of Hidden Forests | BBC Earth
"The Best 4K Aquarium - Dive Into The Mesmerizing Underwater Realm, Sea Jellyfish, Coral Reefs . #7",,,https://www.youtube.com/watch?v=p84DkT_WcVI,3,4K Video UHD - PARADISE ISLAND - Relaxing Music Along With Beautiful Nature Videos
Best of Gibran Alcocer (Beautiful Piano Mix),,,https://www.youtube.com/watch?v=xSS0cS1Jg-w,3,From Here on InEveret AlmondFrom Here on In
Po's Funniest Training Scenes | Kung Fu Panda Movies | Family Flicks,,,https://www.youtube.com/watch?v=g6VJUi6KuKY,3,From Here on InEveret AlmondFrom Here on In
MonthaholicSchwartzyMonthaholic,,,https://www.youtube.com/watch?v=JLT8sRrG0xw,3,The Strait of Hormuz | The World’s Most Critical Energy Lifeline
Antarctica Secrets | The Frozen Continent Hiding Earth’s Greatest Mysteries,by Top Unreal Journeys,,https://www.youtube.com/watch?v=r6U6ghkO6gU,3,The Strait of Hormuz | The World’s Most Critical Energy Lifeline
These Sea Creatures Shouldn’t Be This Big,by Wild Realms Studio,,https://www.youtube.com/watch?v=FdpraUoJ1A0,4,Inside Africa’s Most Dangerous Jungle Where Survival Is Brutal
Deadly Venom: The Most Dangerous Creatures on Earth,by Wild Realms Studio,,https://www.youtube.com/watch?v=7jvxbSA5mns,4,Inside Africa’s Most Dangerous Jungle Where Survival Is Brutal
🌿 4K Animal Kingdom 🌍 Tranquil Wildlife Exploration with Calming Music,,,https://www.youtube.com/watch?v=ItoNVjSmkx0,4,"Relaxing Music to Relieve Stress, Anxiety and Depression • Mind, Body 🐬 Soothing music for nerves"
"Healing of the Mind 🌿 Bamboo Water Sounds & Relaxing Music, Anxiety Relief",,,https://www.youtube.com/watch?v=xEv2_YqDWyc,4,"Relaxing Music to Relieve Stress, Anxiety and Depression • Mind, Body 🐬 Soothing music for nerves"
"Amazon’s Hidden Beauties, Tiny Marvels of Nature – Unveiling the Most Beautiful Small Birds on Earth",,,https://www.youtube.com/watch?v=9Rp7Ddxzajs,4,"The Best 4K Aquarium - Dive Into The Mesmerizing Underwater Realm, Sea Jellyfish, Coral Reefs . #7"
most beautiful piano pieces (mix),,,https://www.youtube.com/watch?v=K0quMymkFzI,4,Best of Gibran Alcocer (Beautiful Piano Mix)
𝐩𝐥𝐚𝐲𝐥𝐢𝐬𝐭 𝐟𝐨𝐫 𝐬𝐭𝐮𝐝𝐲𝐢𝐧𝐠 | 𝐜𝐚𝐥𝐦 𝐩𝐥𝐚𝐲𝐥𝐢𝐬𝐭 𝐭𝐨 𝐫𝐞𝐥𝐚𝐱 | 𝐆𝐢𝐛𝐫𝐚𝐧 𝐀𝐥𝐜𝐨𝐜𝐞𝐫 𝐩𝐥𝐚𝐲𝐥𝐢𝐬𝐭 🕯️,,,https://www.youtube.com/watch?v=CGdxQLIVt9M,4,Best of Gibran Alcocer (Beautiful Piano Mix)
The Dragon Warriors Training! 👊 | Kung Fu Panda | Adventure & Play,,,https://www.youtube.com/watch?v=rSNQ4fXq75U,4,Po's Funniest Training Scenes | Kung Fu Panda Movies | Family Flicks
Po Meets His Long Lost Dad! 🐼 KUNG FU PANDA 3 | Animal Friends,,,https://www.youtube.com/watch?v=HKMsG0Rueu0,4,Po's Funniest Training Scenes | Kung Fu Panda Movies | Family Flicks
EXTREMELY POWERFUL Weapons That Changed The War 💥 | Kurukshetra | Netflix India,,,https://www.youtube.com/watch?v=EJ1muHSpFss,4,MonthaholicSchwartzyMonthaholic
"Interstellar | Docking Scene (Matthew McConaughey, Matt Damon, Anne Hathaway) | Paramount Movies",,,https://www.youtube.com/watch?v=v2H1s9gj5DA,4,MonthaholicSchwartzyMonthaholic
The Strait of Hormuz: The Most Important Oil Route in the World,by Top Unreal Journeys,,https://www.youtube.com/watch?v=sfvdDvZQA1M,4,Antarctica Secrets | The Frozen Continent Hiding Earth’s Greatest Mysteries
No Warning. No Escape. The Most Feared Predators in the Wild,by Wild Realms Studio,,https://www.youtube.com/watch?v=IO4-j7BC6dA,5,These Sea Creatures Shouldn’t Be This Big
These Creatures Have Ruled China’s Mountains for Thousands of Years,by Wild Realms Studio,,https://www.youtube.com/watch?v=ZqqGDt2KT8w,5,These Sea Creatures Shouldn’t Be This Big
Jungles: Survival of the Fittest (Full Episode) | Hostile Planet,,,https://www.youtube.com/watch?v=Ap8jTCMK3c4,5,Deadly Venom: The Most Dangerous Creatures on Earth
The Hidden Beauty of Wild Birds in Spring Wonderland 🌸✨ Nature’s Living Jewels in Stunning Detail,,,https://www.youtube.com/watch?v=OBzfYLF4mI4,5,"Healing of the Mind 🌿 Bamboo Water Sounds & Relaxing Music, Anxiety Relief"
Tom & Jerry | A Bit of Fresh Air! | Classic Cartoon Compilation | @WB Kids,,,https://www.youtube.com/watch?v=5oH9Nr3bKfw,5,"Amazon’s Hidden Beauties, Tiny Marvels of Nature – Unveiling the Most Beautiful Small Birds on Earth"
Nature’s Tiny Marvels: The Most Colorful Small Birds and Their Enchanting Songs,,,https://www.youtube.com/watch?v=5JMpuh9BR6U,5,"Amazon’s Hidden Beauties, Tiny Marvels of Nature – Unveiling the Most Beautiful Small Birds on Earth"
Cosmic Piano Waltzes - 20 min Relaxing Piano (by James Malikey),,,https://www.youtube.com/watch?v=V_jQ81v_xf8,5,most beautiful piano pieces (mix)
Idea 10 (Slowed & Reverb)Gibran AlcocerIdea 10,,,https://www.youtube.com/watch?v=NfOg7uNLolA,5,𝐩𝐥𝐚𝐲𝐥𝐢𝐬𝐭 𝐟𝐨𝐫 𝐬𝐭𝐮𝐝𝐲𝐢𝐧𝐠 | 𝐜𝐚𝐥𝐦 𝐩𝐥𝐚𝐲𝐥𝐢𝐬𝐭 𝐭𝐨 𝐫𝐞𝐥𝐚𝐱 | 𝐆𝐢𝐛𝐫𝐚𝐧 𝐀𝐥𝐜𝐨𝐜𝐞𝐫 𝐩𝐥𝐚𝐲𝐥𝐢𝐬𝐭 🕯️
Idea 1 Gibran AlcocerIdea 1,,,https://www.youtube.com/watch?v=HagoDidoFMw,5,𝐩𝐥𝐚𝐲𝐥𝐢𝐬𝐭 𝐟𝐨𝐫 𝐬𝐭𝐮𝐝𝐲𝐢𝐧𝐠 | 𝐜𝐚𝐥𝐦 𝐩𝐥𝐚𝐲𝐥𝐢𝐬𝐭 𝐭𝐨 𝐫𝐞𝐥𝐚𝐱 | 𝐆𝐢𝐛𝐫𝐚𝐧 𝐀𝐥𝐜𝐨𝐜𝐞𝐫 𝐩𝐥𝐚𝐲𝐥𝐢𝐬𝐭 🕯️
Po Becomes the Dragon Warrior!  🐼 | Kung Fu Panda | Extended Preview | Mini Moments,,,https://www.youtube.com/watch?v=uZX8trFzyl4,5,The Dragon Warriors Training! 👊 | Kung Fu Panda | Adventure & Play
Learn English with Disney's COCO — Crossing the Flower Bridge,,,https://www.youtube.com/watch?v=5AMGLvROqsg,5,The Dragon Warriors Training! 👊 | Kung Fu Panda | Adventure & Play
The ULTIMATE Kung Fu Panda 2 Compilation! 🐼 | Kung Fu Panda 2  | Adventure & Play,,,https://www.youtube.com/watch?v=Ii7o-ZSr35c,5,Po Meets His Long Lost Dad! 🐼 KUNG FU PANDA 3 | Animal Friends
🔴 Gecko's Garage Live Episodes 🔴,,,https://www.youtube.com/watch?v=yTD-QJfmEGc,5,Po Meets His Long Lost Dad! 🐼 KUNG FU PANDA 3 | Animal Friends
LIVE-Special from Belgium | 5-HOUR study with me in Gent 📚⛈️ rain sounds & pomodoro timer 60 & 10,,,https://www.youtube.com/watch?v=fW2PPdn--ug,5,EXTREMELY POWERFUL Weapons That Changed The War 💥 | Kurukshetra | Netflix India
निशाना नहीं चूका… रिश्ता बीच में आ गया 🔥| Bajirao Mastani Best Dialogue | Ranveer Singh,,,https://www.youtube.com/watch?v=5spxCrKFofM,5,EXTREMELY POWERFUL Weapons That Changed The War 💥 | Kurukshetra | Netflix India
Interstellar | Murph Saves The World (Full Scene) | Paramount Movies,,,https://www.youtube.com/watch?v=Rvns5DaW-ug,5,"Interstellar | Docking Scene (Matthew McConaughey, Matt Damon, Anne Hathaway) | Paramount Movies"
Time Is But a Stubborn Illusion - Sneak Peek | Genius,,,https://www.youtube.com/watch?v=ZyYqyYAKGC0,5,"Interstellar | Docking Scene (Matthew McConaughey, Matt Damon, Anne Hathaway) | Paramount Movies"
Pacific Ocean: The Largest and Most Mysterious Waters on Earth,by Top Unreal Journeys,,https://www.youtube.com/watch?v=ECQs4_0m-4Y,5,The Strait of Hormuz: The Most Important Oil Route in the World
Bermuda Triangle | What Are Scientists Discovering There?,by Top Unreal Journeys,,https://www.youtube.com/watch?v=ANO4O5-3RI4,5,The Strait of Hormuz: The Most Important Oil Route in the World
"Instrumental Worship Guitar : Best Worship Song | Peaceful, Relaxing Instrumental Hymns on Guitar",,,https://www.youtube.com/watch?v=rtgVcSu7IY8,6,No Warning. No Escape. The Most Feared Predators in the Wild
Indochina’s Wild Heart – Life in the Realm of the Monsoon | Free Documentary Nature,,,https://www.youtube.com/watch?v=FiZ1Gz7Uhgo,6,These Creatures Have Ruled China’s Mountains for Thousands of Years
"Good Morning America Full Broadcast - Monday, April 13, 2026",,,https://www.youtube.com/watch?v=q6h2iU-5byk,6,These Creatures Have Ruled China’s Mountains for Thousands of Years
Surviving the Grasslands (Full Episode) | Hostile Planet,by National Geographic,,https://www.youtube.com/watch?v=4p68-lMrjYU,6,Jungles: Survival of the Fittest (Full Episode) | Hostile Planet
17,17,,https://www.youtube.com/watch?v=jc6zRWWpjZQ,6,Jungles: Survival of the Fittest (Full Episode) | Hostile Planet
🔴 24/7 Nature Documentaries  🔴 | Incredible Animals from the Wild | STREAM  @UltimateNatureDocs,,,https://www.youtube.com/watch?v=yyvzht3NFpE,6,The Hidden Beauty of Wild Birds in Spring Wonderland 🌸✨ Nature’s Living Jewels in Stunning Detail
🌊 Deep Sea Wonders: Colorful Ocean Life & Relaxing Music (24/7 Live),,,https://www.youtube.com/watch?v=I7Uk3xuc4z8,6,The Hidden Beauty of Wild Birds in Spring Wonderland 🌸✨ Nature’s Living Jewels in Stunning Detail
Tom & Jerry | Rivalry of the Century | Classic Cartoon Compilation | WB Kids,,,https://www.youtube.com/watch?v=PDh4gvb85ww,6,Tom & Jerry | A Bit of Fresh Air! | Classic Cartoon Compilation | @WB Kids
Tom & Jerry in italiano | In Vena Di Amare | WB Kids,,,https://www.youtube.com/watch?v=WxDC1vRlA4A,6,Tom & Jerry | A Bit of Fresh Air! | Classic Cartoon Compilation | @WB Kids
Open Window by the Emerald Lake 🍃 Birdsong and Water Ambience for Calm and Focus,,,https://www.youtube.com/watch?v=QJemGYW6gvA,6,Nature’s Tiny Marvels: The Most Colorful Small Birds and Their Enchanting Songs
Alaska’s Untamed Beauty 4K: Untouched Wilderness & Incredible Wildlife,,,https://www.youtube.com/watch?v=KW8vZY9pW7k,6,Nature’s Tiny Marvels: The Most Colorful Small Birds and Their Enchanting Songs
The quiet beauty of everyday life | Piano Playlist,,,https://www.youtube.com/watch?v=UKbZ4r88z3Q,6,Cosmic Piano Waltzes - 20 min Relaxing Piano (by James Malikey)
ETHEREAL SILVER - James Malikey | Piano Tutorial,,,https://www.youtube.com/watch?v=1be17xK3O4c,6,Cosmic Piano Waltzes - 20 min Relaxing Piano (by James Malikey)
Idea 10Gibran AlcocerIdea 10,,,https://www.youtube.com/watch?v=5OIeIaAhQOg,6,Idea 10 (Slowed & Reverb)Gibran AlcocerIdea 10
Gibran Alcocer - All ideas playlist (1 Hour + Rain),,,https://www.youtube.com/watch?v=GNJE__4ZtvE,6,Idea 10 (Slowed & Reverb)Gibran AlcocerIdea 10
background,,,https://www.youtube.com/watch?v=n0E-2juRHuI,6,Idea 1 Gibran AlcocerIdea 1
Gibran Alcocer - Idea 1,,,https://www.youtube.com/watch?v=QzlcxmVBIFo,6,Idea 1 Gibran AlcocerIdea 1
The Best of Kung Fu Panda 1-3 🐼 | Extended Preview | Mini Moments,,,https://www.youtube.com/watch?v=eDbBDeb_3g8,6,Po Becomes the Dragon Warrior!  🐼 | Kung Fu Panda | Extended Preview | Mini Moments
How Po Became the Dragon Warrior - Full Story 🐼 🐉 | Kung Fu Panda | Adventure & Play,,,https://www.youtube.com/watch?v=LtXp4RGuq_o,6,Po Becomes the Dragon Warrior!  🐼 | Kung Fu Panda | Extended Preview | Mini Moments
Learn English with TANGLED — Rapunzel Heals Flynn,,,https://www.youtube.com/watch?v=2mWsO1CmJEc,6,Learn English with Disney's COCO — Crossing the Flower Bridge
History for Kids,,,https://www.youtube.com/watch?v=-uaMjhpi12M,6,Learn English with Disney's COCO — Crossing the Flower Bridge
Everything About Solar System | Solar System Explained | The Dr Binocs Show | Peekaboo Kidz,,,https://www.youtube.com/watch?v=ErUZVWUP0c4,6,🔴 Gecko's Garage Live Episodes 🔴
🔴 LIVE - BONNES VACANCES TOM ET JERRY  ! ⛷️🏔️ | COMPILATION ÉPISODES NON STOP 🔴 @CartoonitoFrance,,,https://www.youtube.com/watch?v=C6hI2WB3wH8,6,🔴 Gecko's Garage Live Episodes 🔴
https://youtu.be/lCKvrGr0UxY,,,https://www.youtube.com/watch?v=lCKvrGr0UxY,6,LIVE-Special from Belgium | 5-HOUR study with me in Gent 📚⛈️ rain sounds & pomodoro timer 60 & 10
https://youtu.be/v4dMkYdaipU,,,https://www.youtube.com/watch?v=v4dMkYdaipU,6,LIVE-Special from Belgium | 5-HOUR study with me in Gent 📚⛈️ rain sounds & pomodoro timer 60 & 10
मैं  Married हू ये गलत है 💔 | Rockstar Best Romantic Scene | Ranbir Kapoor | Nargis Fakhri,by Eros Universe Bollywood Stories,,https://www.youtube.com/watch?v=q35D-fy9XMw,6,निशाना नहीं चूका… रिश्ता बीच में आ गया 🔥| Bajirao Mastani Best Dialogue | Ranveer Singh
"Desi Mike Tyson Moment 🔥 | Vineet Kumar Singh, Jimmy Shergill, Zoya Hussian | Mukkabaaz",by Eros Universe Bollywood Stories,,https://www.youtube.com/watch?v=54BYy18SL7I,6,निशाना नहीं चूका… रिश्ता बीच में आ गया 🔥| Bajirao Mastani Best Dialogue | Ranveer Singh
"Interstellar | “Tidal Wave"" Full Scene (Anne Hathaway, Matthew McConaughey) | Paramount Movies",,,https://www.youtube.com/watch?v=60h6lpnSgck,6,Interstellar | Murph Saves The World (Full Scene) | Paramount Movies
Our Planet | Frozen Worlds | FULL EPISODE | Netflix,,,https://www.youtube.com/watch?v=cTQ3Ko9ZKg8,6,Interstellar | Murph Saves The World (Full Scene) | Paramount Movies
War for the Planet of the Apes | Final Trailer | 20th Century FOX,by Planet of the Apes,,https://www.youtube.com/watch?v=qxjPjPzQ1iU,6,Time Is But a Stubborn Illusion - Sneak Peek | Genius
40,40,,https://www.youtube.com/watch?v=sQGjiieee-A,6,Time Is But a Stubborn Illusion - Sneak Peek | Genius
Drake Passage: The Most Unforgiving Waters on Earth,by Top Unreal Journeys,,https://www.youtube.com/watch?v=En6NRJpIVdE,6,Pacific Ocean: The Largest and Most Mysterious Waters on Earth
Beneath Mariana | The Deep Sea Mysteries No One Talks About,by Top Unreal Journeys,,https://www.youtube.com/watch?v=uZuOUWGB9GM,6,Pacific Ocean: The Largest and Most Mysterious Waters on Earth
Sleep Music No. 1Chris HaugenSleep Music No. 1,,,https://www.youtube.com/watch?v=Tf56Z_jqZLY,6,Bermuda Triangle | What Are Scientists Discovering There?
